rate,EPOCH,BATCH_SIZE,train_acc,valid_acc,loss,layer_size,regularization,CNN_type,final_trainacc,final_validacc
0.025,20,128,"[0.75289519809848249, 0.85996724044822059, 0.9245093249874542, 0.9539067214643645, 0.96290123279747142, 0.97324635765738121, 0.97994195235495274, 0.98301675335498151, 0.98560303457338461, 0.98793068766343861, 0.98787321475440149, 0.99149400845194424, 0.99181010948590476, 0.99149400844851865, 0.99327566884105867, 0.99318945947065174, 0.99327566884105867, 0.99405155320555183, 0.99410902612486596, 0.99428144487253112, 0.99405155320555183, 0.99485617402798932, 0.99485617403141491, 0.99476996465415668, 0.99494238340182184]","[0.74489795948102089, 0.81791383195626222, 0.87414965986394555, 0.89909297052154191, 0.91972789115646258, 0.92358276643990933, 0.94058956916099778, 0.9399092970521542, 0.95306122448979591, 0.95396825396825402, 0.95102040816326527, 0.9555555555555556, 0.95804988662131518, 0.95691609977324266, 0.95510204081632655, 0.95759637188208613, 0.95691609977324266, 0.95827664399092971, 0.95873015873015877, 0.95986394557823129, 0.95782312925170066, 0.95895691609977329, 0.96009070294784582, 0.95918367346938771, 0.96009070294784582]","[1.3604566, 0.85408974, 0.64702517, 0.51201028, 0.449231, 0.36777806, 0.31260854, 0.27504495, 0.26083282, 0.23858915, 0.23529181, 0.21482795, 0.20258711, 0.19550885, 0.18796138, 0.18340567, 0.17819357, 0.17395982, 0.1760605, 0.1711082, 0.16916762, 0.16151933, 0.16473086, 0.16812208, 0.15831408]",5,dropout prob = 0.5(rate_decay),LENET,0.994942383402,0.960090702948
