dropprob,num,rate,ratedecay,regu_beta,cons_soft,EPOCH,BATCH_SIZE,train_acc,valid_acc,loss,layer_size,CNN_type,final_trainacc,final_validacc
0.55,1,0.021795952506701,0.880162632646263,0.000851304809430189,0,25,54,"[0.76734963690002378, 0.88830138970087336, 0.90611798996596349, 0.95103307542672377, 0.9655449914604759, 0.97255668866161282, 0.98017185093489911, 0.98224087577328067, 0.98850542219374593, 0.98816058471896961, 0.99083307426980682, 0.99063191946157314, 0.99224116023975784, 0.99385040166539096, 0.99379292869126645, 0.99543090572528181, 0.99551711503745266, 0.99563206099597867, 0.99620678981229727, 0.99612058047957253, 0.99652289056877985, 0.99663783641425918, 0.99704014659595919, 0.99701141015514327, 0.99724130168167069]","[0.72131519600444916, 0.84331065793426674, 0.84580498970284756, 0.89591837069209745, 0.90544217751950629, 0.92267574023227306, 0.92947846079359253, 0.92789115917925935, 0.93560091111124777, 0.9385487552808256, 0.93061224514124341, 0.93764172609971497, 0.93560090697541531, 0.93945578239401994, 0.93764172427508297, 0.94421768504746106, 0.94603174766715692, 0.94693877624005685, 0.94512471726962499, 0.94308390215951565, 0.9444444459311816, 0.94603174803208334, 0.94897959317479819, 0.94920635053089686, 0.9492063500443283]","[1.5471225, 1.0911524, 0.93195856, 0.73211777, 0.62102067, 0.57161266, 0.50460976, 0.48424849, 0.43060157, 0.4279719, 0.38852012, 0.37797266, 0.36756119, 0.3419987, 0.33497387, 0.32885823, 0.32130745, 0.31470832, 0.30371016, 0.30368707, 0.29721463, 0.29179937, 0.29411358, 0.28956446, 0.28658611]",5,LENET(incept layer),0.997241301682,0.949206350044
