rate,EPOCH,BATCH_SIZE,train_acc,valid_acc,loss,layer_size,regularization,CNN_type,final_trainacc,final_validacc
0.001,20,128,"[0.66453058997147141, 0.85332911871963513, 0.91011235956597725, 0.94347538717067314, 0.95275726312090425, 0.96396448165062687, 0.96132072765849996, 0.97525790972717741, 0.97847639301692713, 0.98152245759326817, 0.98244202421322591, 0.98304548981292561, 0.98729848560579458, 0.98617776374597099, 0.98982729390488366, 0.99045949597965588, 0.98836173454972975, 0.99163769077249608, 0.99120664386907664, 0.99129285327716576]","[0.62766439893078096, 0.81405895694313135, 0.85668934243065975, 0.89999999978374734, 0.90748299322431047, 0.92086167776125083, 0.91927437620098085, 0.93401360519889265, 0.93764172311272476, 0.94331065735308761, 0.94693877526691983, 0.93786848102297105, 0.94716553263653436, 0.93764172311272476, 0.95351473925605656, 0.95306122424651163, 0.94489795921070507, 0.95941043059571796, 0.94988662107190847, 0.95578231268188585]","[1.8506439, 1.1870763, 0.92928261, 0.8067708, 0.72367108, 0.65191287, 0.62639183, 0.56964862, 0.55352527, 0.5225907, 0.51106048, 0.49891621, 0.46299425, 0.46403247, 0.44934118, 0.4352591, 0.4308362, 0.42544612, 0.40784588, 0.41624025]",5,"l2_norm beta = 0.001, dropout prob = 0.5",LENET,0.991292853277,0.955782312682
