dropprob,num,rate,ratedecay,regu_beta,cons_soft,EPOCH,BATCH_SIZE,train_acc,valid_acc,loss,layer_size,CNN_type,final_trainacc,final_validacc
0.55,1,0.021795952506701,0.880162632646263,0.000851304809430189,0,25,54,"[0.81237966912091264, 0.91838845655408996, 0.96439553067281247, 0.9744245579620967, 0.97999943145756996, 0.98554556832724205, 0.98729849167947692, 0.98982729929343538, 0.99028708180181146, 0.99370671927632603, 0.99341935477567411, 0.99499985911304289, 0.99499985892805765, 0.99603437116740168, 0.99640794480551609, 0.99620678961703502, 0.99678151862861586, 0.99620678971980459, 0.99658036345041168, 0.99712635591840704, 0.99724130168167069, 0.99752866608983004, 0.99741372032656628, 0.99735624735244177, 0.99758613897146187]","[0.75578231299105958, 0.86167800443208953, 0.91043084163446819, 0.9360544236338868, 0.94013605604366379, 0.94081632799031778, 0.95056689515405768, 0.94716553688049321, 0.95328798257574743, 0.95963718793830088, 0.95124716734399606, 0.95714285945405764, 0.95668934462021804, 0.95782313152235377, 0.96349206700616952, 0.95623582869159929, 0.9589569184244896, 0.95714285969734192, 0.96349206530317966, 0.96122449441831936, 0.96077097848970061, 0.96485261162933034, 0.96258503855491173, 0.95850340505035558, 0.96303855302382491]","[1.3245382, 0.90830922, 0.6798743, 0.59102577, 0.52986938, 0.486462, 0.44603467, 0.41015324, 0.39924881, 0.3692677, 0.3573024, 0.34085271, 0.33091161, 0.32619062, 0.31901276, 0.31495363, 0.30532071, 0.30328226, 0.29881394, 0.29694992, 0.29631689, 0.29259521, 0.28639916, 0.28502068, 0.28503552]",5,LENET(incept layer),0.997586138971,0.963038553024
