rate,EPOCH,BATCH_SIZE,train_acc,valid_acc,loss,layer_size,regularization,CNN_type,final_trainacc,final_validacc
"[0.03, 0.87]",20,128,"[0.77378660334078431, 0.88821517774067293, 0.90720997696248429, 0.93988333269900204, 0.95976896351132401, 0.97770051617345444, 0.98382138033160405, 0.9882755314756726, 0.98137878229701725, 0.99155148679235383, 0.99143654118153157, 0.99318946422374488, 0.99313199152538545, 0.99525848834445219, 0.9941665031361222, 0.99528722422688665, 0.9954883795147117, 0.9962067905950589, 0.99646541876965422, 0.99660910092234911, 0.99692520172679089, 0.99715509314541018, 0.9971838297386677, 0.99738498468392744, 0.99721256610069364]","[0.70634920633231157, 0.83922902665305843, 0.85442176920756729, 0.89251700949236379, 0.91428571601573572, 0.9333333374421342, 0.94331065867763531, 0.94965986816250547, 0.93854875494293077, 0.95782313163048016, 0.94512471887800431, 0.95374149800428187, 0.94716553352857669, 0.95532879969970985, 0.9487528371162155, 0.95396825732017054, 0.95510204173540036, 0.96235827902277038, 0.95102040919046549, 0.96099773556196766, 0.95804988932447366, 0.9582766464778355, 0.95510204335729554, 0.95941043305559226, 0.95827664701846726]","[1.6091024, 1.2124379, 1.072943, 0.88275117, 0.75086385, 0.68873274, 0.61189324, 0.56329083, 0.56656677, 0.48995313, 0.49052554, 0.45807004, 0.44591475, 0.42478564, 0.41820708, 0.40590975, 0.39677697, 0.38753343, 0.38735646, 0.37906429, 0.37248114, 0.37243983, 0.37293246, 0.36409286, 0.36756724]",5,dropout prob = 0.5(rate_decay),LENET,0.997212566101,0.958276647018
